Industry_code_NZSIOC,Value
99999,541042
99999,473662
99999,53770
99999,13610
99999,488612
99999,36036
99999,5934
99999,15873
99999,79533
99999,263
99999,1378
99999,334094
99999,15765
99999,50004
99999,50442
99999,52868
99999,1660278
99999,488032
99999,375804
99999,796443
99999,1660278
99999,519935
99999,631136
99999,509207
99999,346000
99999,33800
99999,77
99999,69
99999,10
99999,3
99999,31
AA111,3196
AA111,3072
AA111,47
AA111,77
AA111,2921
AA111,200
AA111,31
AA111,162
AA111,565
AA111,0
AA111,1941
AA111,20
AA111,292
AA111,292
AA111,276
AA111,9656
AA111,1704
AA111,6682
AA111,1269
AA111,9656
AA111,3925
AA111,2457
AA111,3274
AA111,144200
AA111,12400
AA111,69
AA111,57
AA111,7
AA111,3
AA111,41
AA11,3196
AA11,3072
AA11,47
AA11,77
AA11,2921
AA11,200
AA11,31
AA11,162
AA11,565
AA11,0
AA11,1941
AA11,20
AA11,292
AA11,292
AA11,276
AA11,9656
AA11,1704
AA11,6682
AA11,1269
AA11,9656
AA11,3925
AA11,2457
AA11,3274
AA11,144200
AA11,12400
AA11,69
AA11,57
AA11,7
AA11,3
AA11,41
AA121,9100
AA121,8494
AA121,C
AA121,C
AA121,8146
AA121,667
AA121,165
AA121,444
AA121,780
AA121,0
AA121,6049
AA121,42
AA121,5238
AA121,4958
AA121,674
AA121,47004
AA121,8846
AA121,29719
AA121,8438
AA121,47004
AA121,27264
AA121,6940
AA121,12800
AA121,442200
AA121,32800
AA121,127
AA121,56
AA121,2
AA121,1
AA121,58
AA12,9100
AA12,8494
AA12,C
AA12,C
AA12,8146
AA12,667
AA12,165
AA12,444
AA12,780
AA12,0
AA12,6049
AA12,42
AA12,5238
AA12,4958
AA12,674
AA12,47004
AA12,8846
AA12,29719
AA12,8438
AA12,47004
AA12,27264
AA12,6940
AA12,12800
AA12,442200
AA12,32800
AA12,127
AA12,56
AA12,2
AA12,1
AA12,58
AA131,12261
AA131,11607
AA131,239
AA131,415
AA131,10914
AA131,1632
AA131,150
AA131,574
AA131,1229
AA131,0
AA131,7293
AA131,37
AA131,7163
AA131,7025
AA131,1208
AA131,58844
AA131,10369
AA131,34113
AA131,14363
AA131,58844
AA131,23319
AA131,7919
AA131,27606
AA131,504200
AA131,49700
AA131,131
AA131,42
AA131,5
AA131,2
AA131,40
AA13,12261
AA13,11607
AA13,239
AA13,415
AA13,10914
AA13,1632
AA13,150
AA13,574
AA13,1229
AA13,0
AA13,7293
AA13,37
AA13,7163
AA13,7025
AA13,1208
AA13,58844
AA13,10369
AA13,34113
AA13,14363
AA13,58844
AA13,23319
AA13,7919
AA13,27606
AA13,504200
AA13,49700
AA13,131
AA13,42
AA13,5
AA13,2
AA13,40
AA141,1490
AA141,1415
AA141,26
AA141,49
AA141,1418
AA141,87
AA141,13
AA141,71
AA141,176
AA141,0
AA141,1067
AA141,5
AA141,511
AA141,519
AA141,81
AA141,4988
AA141,1213
AA141,2944
AA141,830
AA141,4988
AA141,2225
AA141,1097
AA141,1666
AA141,336300
AA141,18300
AA141,111
AA141,63
AA141,4
AA141,2
AA141,45
AA14,1490
AA14,1415
AA14,26
AA14,49
AA14,1418
AA14,87
AA14,13
AA14,71
AA14,176
AA14,0
AA14,1067
AA14,5
AA14,511
AA14,519
AA14,81
AA14,4988
AA14,1213
AA14,2944
AA14,830
AA14,4988
AA14,2225
AA14,1097
AA14,1666
AA14,336300
AA14,18300
AA14,111
AA14,63
AA14,4
AA14,2
AA14,45
AA211,4145
AA211,3445
AA211,C
AA211,C
AA211,C
AA211,3364
AA211,223
AA211,22
AA211,107
AA211,277
AA211,0
AA211,2431
AA211,305
AA211,114
AA211,125
AA211,791
AA211,13674
AA211,1144
AA211,3278
AA211,9252
AA211,13674
AA211,7303
AA211,2545
AA211,3826
AA211,878200
AA211,167600
AA211,45
AA211,40
AA211,11
AA211,6
AA211,53
AA21,4145
AA21,3445
AA21,C
AA21,C
AA21,C
AA21,3364
AA21,223
AA21,22
AA21,107
AA21,277
AA21,0
AA21,2431
AA21,305
AA21,114
AA21,125
AA21,791
AA21,13674
AA21,1144
AA21,3278
AA21,9252
AA21,13674
AA21,7303
AA21,2545
AA21,3826
AA21,878200
AA21,167600
AA21,45
AA21,40
AA21,11
AA21,6
AA21,53
AA31,1322
AA31,1273
AA31,12
AA31,37
AA31,1219
AA31,26
AA31,C
AA31,43
AA31,144
AA31,0
AA31,947
AA31,C
AA31,109
AA31,91
AA31,85
AA31,1686
AA31,451
AA31,446
AA31,789
AA31,1686
AA31,592
AA31,375
AA31,719
AA31,611600
AA31,39400
AA31,120
AA31,96
AA31,14
AA31,5
AA31,35
AA32,2962
AA32,2894
AA32,16
AA32,C
AA32,C
AA32,2685
AA32,67
AA32,C
AA32,162
AA32,857
AA32,0
AA32,1564
AA32,C
AA32,137
AA32,148
AA32,288
AA32,3535
AA32,1012
AA32,1913
AA32,611
AA32,3535
AA32,1394
AA32,1000
AA32,1141
AA32,132900
AA32,12900
AA32,101
AA32,86
AA32,21
AA32,8
AA32,39
AA,34476
AA,32201
AA,C
AA,9
AA,C
AA,30668
AA,2901
AA,414
AA,1562
AA,4028
AA,0
AA,21293
AA,470
AA,13563
AA,13158
AA,3403
AA,139387
AA,24740
AA,79096
AA,35552
AA,139387
AA,66021
AA,22334
AA,51033
AA,342500
AA,33800
AA,111
AA,52
AA,5
AA,2
AA,47
BB,8065
BB,6772
BB,C
BB,0
BB,C
BB,6162
BB,195
BB,36
BB,922
BB,749
BB,C
BB,3461
BB,799
BB,321
BB,337
BB,1919
BB,31952
BB,20433
BB,8597
BB,1279
BB,68
BB,2923
BB,31952
BB,6885
BB,20361
BB,4706
BB,1343400
BB,319600
BB,100
BB,99
BB,28
BB,6
BB,22
CC151,5157
CC151,261
CC151,4820
CC151,31
CC151,0
CC151,44
CC151,5186
CC151,90
CC151,1053
CC151,172
CC151,501
CC151,4
CC151,C
CC151,2752
CC151,C
CC151,1144
CC151,1283
CC151,110
CC151,7039
CC151,2479
CC151,2872
CC151,451
CC151,160
CC151,1689
CC151,7039
CC151,3468
CC151,1580
CC151,1992
CC151,590200
CC151,12600
CC151,157
CC151,76
CC151,C
CC151,3
CC151,2
CC151,49
CC15,5157
CC15,261
CC15,4820
CC15,31
CC15,0
CC15,44
CC15,5186
CC15,90
CC15,1053
CC15,172
CC15,501
CC15,4
CC15,C
CC15,2752
CC15,C
CC15,1144
CC15,1283
CC15,110
CC15,7039
CC15,2479
CC15,2872
CC15,451
CC15,160
CC15,1689
CC15,7039
CC15,3468
CC15,1580
CC15,1992
CC15,590200
CC15,12600
CC15,157
CC15,76
CC15,C
CC15,3
CC15,2
CC15,49
CC211,1939
CC211,137
CC211,1712
CC211,C
CC211,1
CC211,C
CC211,1822
CC211,22
CC211,4
CC211,33
CC211,270
CC211,1
CC211,106
CC211,1371
CC211,16
CC211,307
CC211,317
CC211,126
CC211,1254
CC211,703
CC211,317
CC211,50
CC211,11
CC211,233
CC211,1254
CC211,504
CC211,485
CC211,265
CC211,333300
CC211,21700
CC211,145
CC211,80
CC211,22
CC211,25
CC211,10
CC211,40
CC212,476
CC212,56
CC212,416
CC212,1
CC212,1
CC212,2
CC212,468
CC212,7
CC212,2
CC212,10
CC212,154
CC212,0
CC212,40
CC212,254
CC212,1
CC212,122
CC212,119
CC212,4
CC212,301
CC212,220
CC212,61
CC212,11
CC212,4
CC212,20
CC212,301
CC212,126
CC212,121
CC212,53
CC212,120300
CC212,1000
CC212,181
CC212,84
CC212,28
CC212,3
CC212,1
CC212,42
CC21,2414
CC21,192
CC21,2128
CC21,C
CC21,2
CC21,C
CC21,2290
CC21,29
CC21,6
CC21,43
CC21,424
CC21,1
CC21,146
CC21,1625
CC21,17
CC21,429
CC21,436
CC21,130
CC21,1554
CC21,924
CC21,377
CC21,61
CC21,15
CC21,253
CC21,1554
CC21,630
CC21,606
CC21,317
CC21,247100
CC21,13300
CC21,152
CC21,80
CC21,24
CC21,21
CC21,8
CC21,41
CC311,4495
CC311,234
CC311,4216
CC311,8
CC311,1
CC311,35
CC311,4426
CC311,61
CC311,12
CC311,147
CC311,803
CC311,1
CC311,166
CC311,3202
CC311,36
CC311,527
CC311,558
CC311,100
CC311,4163
CC311,1346
CC311,1406
CC311,187
CC311,73
CC311,1411
CC311,4163
CC311,1926
CC311,1016
CC311,1221
CC311,281700
CC311,6300
CC311,133
CC311,78
CC311,29
CC311,5
CC311,2
CC311,46
CC31,4495
CC31,234
CC31,4216
CC31,8
CC31,1
CC31,35
CC31,4426
CC31,61
CC31,12
CC31,147
CC31,803
CC31,1
CC31,166
CC31,3202
CC31,36
CC31,527
CC31,558
CC31,100
CC31,4163
CC31,1346
CC31,1406
CC31,187
CC31,73
CC31,1411
CC31,4163
CC31,1926
CC31,1016
CC31,1221
CC31,281700
CC31,6300
CC31,133
CC31,78
CC31,29
CC31,5
CC31,2
CC31,46
CC321,3260
CC321,C
CC321,2854
CC321,4
CC321,0
CC321,C
CC321,3423
CC321,34
CC321,10
CC321,154
CC321,418
CC321,C
CC321,C
CC321,2361
CC321,C
CC321,491
CC321,425
CC321,-229
CC321,2579
CC321,1040
CC321,1110
CC321,190
CC321,85
CC321,429
CC321,2579
CC321,1341
CC321,580
CC321,658
CC321,633400
CC321,-44500
CC321,179
CC321,106
CC321,C
CC321,-17
CC321,-9
CC321,52
CC32,3260
CC32,C
CC32,2854
CC32,4
CC32,0
CC32,C
CC32,3423
CC32,34
CC32,10
CC32,154
CC32,418
CC32,C
CC32,C
CC32,2361
CC32,C
CC32,491
CC32,425
CC32,-229
CC32,2579
CC32,1040
CC32,1110
CC32,190
CC32,85
CC32,429
CC32,2579
CC32,1341
CC32,580
CC32,658
CC32,633400
CC32,-44500
CC32,179
CC32,106
CC32,C
CC32,-17
CC32,-9
CC32,52
CC411,1702
CC411,107
CC411,1575
CC411,4
CC411,0
CC411,16
CC411,1722
CC411,34
CC411,7
CC411,70
CC411,440
CC411,1
CC411,104
CC411,921
CC411,147
CC411,102
CC411,103
CC411,-19
CC411,1281
CC411,516
CC411,441
CC411,84
CC411,29
CC411,324
CC411,1281
CC411,366
CC411,549
CC411,366
CC411,201400
CC411,-2200
CC411,94
CC411,75
CC411,3
CC411,-5
CC411,-1
CC411,29
CC41,1702
CC41,107
CC41,1575
CC41,4
CC41,0
CC41,16
CC41,1722
CC41,34
CC41,7
CC41,70
CC41,440
CC41,1
CC41,104
CC41,921
CC41,147
CC41,102
CC41,103
CC41,-19
CC41,1281
CC41,516
CC41,441
CC41,84
CC41,29
CC41,324
CC41,1281
CC41,366
CC41,549
CC41,366
CC41,201400
CC41,-2200
CC41,94
CC41,75
CC41,3
CC41,-5
CC41,-1
CC41,29
CC511,12248
CC511,3887
CC511,8165
CC511,118
CC511,C
CC511,C
CC511,11604
CC511,61
CC511,1886
CC511,149
CC511,181
CC511,3
CC511,3339
CC511,5954
CC511,34
CC511,1617
CC511,1509
CC511,536
CC511,6011
CC511,3953
CC511,1675
CC511,228
CC511,C
CC511,383
CC511,6011
CC511,2527
CC511,2378
CC511,1107
CC511,8577800
CC511,375500
CC511,166
CC511,103
CC511,14
CC511,21
CC511,9
CC511,42
CC51,12248
CC51,3887
CC51,8165
CC51,118
CC51,C
CC51,C
CC51,11604
CC51,61
CC51,1886
CC51,149
CC51,181
CC51,3
CC51,3339
CC51,5954
CC51,34
CC51,1617
CC51,1509
CC51,536
CC51,6011
CC51,3953
CC51,1675
CC51,228
CC51,C
CC51,383
CC51,6011
CC51,2527
CC51,2378
CC51,1107
CC51,8577800
CC51,375500
CC51,166
CC51,103
CC51,14
CC51,21
CC51,9
CC51,42
CC521,1362
CC521,C
CC521,C
CC521,0
CC521,C
CC521,1254
CC521,C
CC521,4
CC521,49
CC521,133
CC521,C
CC521,C
CC521,C
CC521,126
CC521,133
CC521,115
CC521,1511
CC521,C
CC521,493
CC521,242
CC521,C
CC521,C
CC521,1511
CC521,1074
CC521,319
CC521,119
CC521,907600
CC521,76800
CC521,C
CC521,C
CC521,11
CC521,8
CC521,71
CC522,2037
CC522,C
CC522,C
CC522,C
CC522,C
CC522,1860
CC522,C
CC522,5
CC522,60
CC522,135
CC522,0
CC522,C
CC522,C
CC522,424
CC522,362
CC522,116
CC522,1500
CC522,C
CC522,456
CC522,60
CC522,C
CC522,C
CC522,1500
CC522,951
CC522,383
CC522,167
CC522,1217700
CC522,69100
CC522,C
CC522,C
CC522,12
CC522,8
CC522,63
CC523,1495
CC523,415
CC523,1067
CC523,5
CC523,C
CC523,C
CC523,1402
CC523,17
CC523,5
CC523,40
CC523,244
CC523,C
CC523,272
CC523,799
CC523,25
CC523,245
CC523,261
CC523,109
CC523,1247
CC523,730
CC523,281
CC523,50
CC523,13
CC523,236
CC523,1247
CC523,619
CC523,382
CC523,246
CC523,374300
CC523,27200
CC523,191
CC523,123
CC523,34
CC523,18
CC523,9
CC523,50
CC52,4894
CC52,972
CC52,3790
CC52,89
CC52,5
CC52,37
CC52,4517
CC52,59
CC52,14
CC52,149
CC52,511
CC52,5
CC52,692
CC52,3046
CC52,45
CC52,795
CC52,757
CC52,339
CC52,4258
CC52,2032
CC52,1230
CC52,352
CC52,112
CC52,997
CC52,4258
CC52,2643
CC52,1084
CC52,532
CC52,682800
CC52,47400
CC52,188
CC52,118
CC52,29
CC52,13
CC52,8
CC52,62
CC531,3650
CC531,314
CC531,3300
CC531,18
CC531,0
CC531,18
CC531,3324
CC531,33
CC531,17
CC531,110
CC531,700
CC531,1
CC531,185
CC531,2238
CC531,41
CC531,509
CC531,533
CC531,350
CC531,2945
CC531,1428
CC531,803
CC531,181
CC531,29
CC531,714
CC531,2945
CC531,1480
CC531,1044
CC531,421
CC531,295700
CC531,28300
CC531,137
CC531,86
CC531,41
CC531,24
CC531,12
CC531,50
CC53,3650
CC53,314
CC53,3300
CC53,18
CC53,0
CC53,18
CC53,3324
CC53,33
CC53,17
CC53,110
CC53,700
CC53,1
CC53,185
CC53,2238
CC53,41
CC53,509
CC53,533
CC53,350
CC53,2945
CC53,1428
CC53,803
CC53,181
CC53,29
CC53,714
CC53,2945
CC53,1480
CC53,1044
CC53,421
CC53,295700
CC53,28300
CC53,137
CC53,86
CC53,41
CC53,24
CC53,12
CC53,50
CC611,2732
CC611,C
CC611,2354
CC611,52
CC611,0
CC611,C
CC611,2508
CC611,41
CC611,19
CC611,119
CC611,479
CC611,2
CC611,255
CC611,1566
CC611,29
CC611,270
CC611,276
CC611,231
CC611,2672
CC611,932
CC611,1144
CC611,158
CC611,C
CC611,596
CC611,2672
CC611,1350
CC611,805
CC611,517
CC611,345900
CC611,29200
CC611,116
CC611,81
CC611,C
CC611,17
CC611,9
CC611,51
CC61,2732
CC61,C
CC61,2354
CC61,52
CC61,0
CC61,C
CC61,2508
CC61,41
CC61,19
CC61,119
CC61,479
CC61,2
CC61,255
CC61,1566
CC61,29
CC61,270
CC61,276
CC61,231
CC61,2672
CC61,932
CC61,1144
CC61,158
CC61,C
CC61,596
CC61,2672
CC61,1350
CC61,805
CC61,517
CC61,345900
CC61,29200
CC61,116
CC61,81
CC61,C
CC61,17
CC61,9
CC61,51
CC711,3584
CC711,54
CC711,3470
CC711,C
CC711,C
CC711,C
CC711,4231
CC711,33
CC711,4
CC711,112
CC711,428
CC711,C
CC711,C
CC711,3000
CC711,C
CC711,474
CC711,477
CC711,-644
CC711,2940
CC711,1565
CC711,1140
CC711,167
CC711,75
CC711,236
CC711,2940
CC711,1300
CC711,995
CC711,645
CC711,730500
CC711,-131300
CC711,157
CC711,109
CC711,C
CC711,-50
CC711,-22
CC711,44
CC71,3584
CC71,54
CC71,3470
CC71,C
CC71,C
CC71,C
CC71,4231
CC71,33
CC71,4
CC71,112
CC71,428
CC71,C
CC71,C
CC71,3000
CC71,C
CC71,474
CC71,477
CC71,-644
CC71,2940
CC71,1565
CC71,1140
CC71,167
CC71,75
CC71,236
CC71,2940
CC71,1300
CC71,995
CC71,645
CC71,730500
CC71,-131300
CC71,157
CC71,109
CC71,C
CC71,-50
CC71,-22
CC71,44
CC721,5051
CC721,255
CC721,4768
CC721,15
CC721,1
CC721,12
CC721,4679
CC721,59
CC721,14
CC721,104
CC721,1091
CC721,1
CC721,174
CC721,3183
CC721,54
CC721,498
CC721,500
CC721,374
CC721,3378
CC721,1889
CC721,822
CC721,165
CC721,70
CC721,667
CC721,3378
CC721,1454
CC721,1370
CC721,554
CC721,236300
CC721,17500
CC721,138
CC721,101
CC721,32
CC721,26
CC721,11
CC721,43
CC72,5051
CC72,255
CC72,4768
CC72,15
CC72,1
CC72,12
CC72,4679
CC72,59
CC72,14
CC72,104
CC72,1091
CC72,1
CC72,174
CC72,3183
CC72,54
CC72,498
CC72,500
CC72,374
CC72,3378
CC72,1889
CC72,822
CC72,165
CC72,70
CC72,667
CC72,3378
CC72,1454
CC72,1370
CC72,554
CC72,236300
CC72,17500
CC72,138
CC72,101
CC72,32
CC72,26
CC72,11
CC72,43
CC811,2626
CC811,38
CC811,2557
CC811,5
CC811,1
CC811,26
CC811,2577
CC811,11
CC811,4
CC811,62
CC811,750
CC811,C
CC811,23
CC811,1696
CC811,29
CC811,409
CC811,365
CC811,6
CC811,1816
CC811,1162
CC811,466
CC811,81
CC811,16
CC811,188
CC811,1816
CC811,826
CC811,779
CC811,211
CC811,244700
CC811,500
CC811,149
CC811,102
CC811,38
CC811,1
CC811,0
CC811,45
CC81,2626
CC81,38
CC81,2557
CC81,5
CC81,1
CC81,26
CC81,2577
CC81,11
CC81,4
CC81,62
CC81,750
CC81,C
CC81,23
CC81,1696
CC81,29
CC81,409
CC81,365
CC81,6
CC81,1816
CC81,1162
CC81,466
CC81,81
CC81,16
CC81,188
CC81,1816
CC81,826
CC81,779
CC81,211
CC81,244700
CC81,500
CC81,149
CC81,102
CC81,38
CC81,1
CC81,0
CC81,45
CC821,3315
CC821,266
CC821,2931
CC821,26
CC821,19
CC821,71
CC821,3153
CC821,60
CC821,9
CC821,81
CC821,708
CC821,3
CC821,161
CC821,2097
CC821,36
CC821,433
CC821,431
CC821,160
CC821,3452
CC821,1602
CC821,340
CC821,106
CC821,41
CC821,1510
CC821,3452
CC821,1167
CC821,1462
CC821,823
CC821,292900
CC821,14100
CC821,110
CC821,80
CC821,39
CC821,14
CC821,5
CC821,34
CC822,3656
CC822,391
CC822,3189
CC822,43
CC822,8
CC822,24
CC822,3377
CC822,36
CC822,9
CC822,72
CC822,908
CC822,1
CC822,281
CC822,2012
CC822,59
CC822,449
CC822,469
CC822,298
CC822,2401
CC822,1483
CC822,516
CC822,123
CC822,53
CC822,402
CC822,2401
CC822,919
CC822,1075
CC822,407
CC822,242800
CC822,19800
CC822,138
CC822,94
CC822,28
CC822,32
CC822,12
CC822,38
CC82,6970
CC82,657
CC82,6121
CC82,70
CC82,28
CC82,95
CC82,6530
CC82,96
CC82,19
CC82,153
CC82,1615
CC82,4
CC82,442
CC82,4110
CC82,95
CC82,882
CC82,899
CC82,458
CC82,5853
CC82,3086
CC82,856
CC82,230
CC82,94
CC82,1912
CC82,5853
CC82,2086
CC82,2537
CC82,1230
CC82,264300
CC82,17400
CC82,122
CC82,86
CC82,33
CC82,22
CC82,8
CC82,36
CC911,1025
CC911,80
CC911,940
CC911,2
CC911,0
CC911,3
CC911,972
CC911,16
CC911,4
CC911,21
CC911,264
CC911,1
CC911,61
CC911,600
CC911,5
CC911,98
CC911,99
CC911,55
CC911,621
CC911,306
CC911,153
CC911,29
CC911,18
CC911,162
CC911,621
CC911,153
CC911,327
CC911,140
CC911,191600
CC911,10200
CC911,94
CC911,63
CC911,24
CC911,36
CC911,9
CC911,25
CC912,550
CC912,52
CC912,493
CC912,1
CC912,1
CC912,3
CC912,497
CC912,7
CC912,2
CC912,10
CC912,120
CC912,0
CC912,35
CC912,321
CC912,2
CC912,105
CC912,105
CC912,54
CC912,342
CC912,223
CC912,74
CC912,22
CC912,8
CC912,45
CC912,342
CC912,130
CC912,137
CC912,74
CC912,214800
CC912,21100
CC912,163
CC912,86
CC912,33
CC912,42
CC912,16
CC912,38
CC91,1576
CC91,132
CC91,1433
CC91,4
CC91,1
CC91,6
CC91,1469
CC91,23
CC91,6
CC91,31
CC91,384
CC91,1
CC91,96
CC91,921
CC91,8
CC91,202
CC91,204
CC91,109
CC91,962
CC91,529
CC91,227
CC91,50
CC91,26
CC91,207
CC91,962
CC91,284
CC91,464
CC91,215
CC91,199100
CC91,13700
CC91,114
CC91,70
CC91,28
CC91,38
CC91,11
CC91,29
CC,96770
CC,10444
CC,84804
CC,677
CC,44
CC,801
CC,93988
CC,1100
CC,3153
CC,2394
CC,12620
CC,60
CC,7612
CC,65072
CC,2038
CC,12071
CC,12367
CC,3078
CC,70554
CC,32192
CC,22923
CC,3924
CC,1355
CC,15438
CC,70554
CC,32352
CC,25996
CC,12206
CC,444500
CC,14100
CC,124
CC,76
CC,27
CC,10
CC,4
CC,46
DD11,16339
DD11,15852
DD11,C
DD11,0
DD11,C
DD11,14085
DD11,926
DD11,39
DD11,1401
DD11,785
DD11,4
DD11,10600
DD11,334
DD11,352
DD11,355
DD11,2258
DD11,C
DD11,5463
DD11,C
DD11,2530
DD11,636
DD11,6088
DD11,C
DD11,C
DD11,7729
DD11,17934
DD11,1770100
DD11,244600
DD11,71
DD11,66
DD11,C
DD11,C
DD11,C
DD12,2075
DD12,1807
DD12,C
DD12,C
DD12,C
DD12,1716
DD12,110
DD12,22
DD12,283
DD12,327
DD12,1
DD12,884
DD12,90
DD12,11
DD12,14
DD12,362
DD12,C
DD12,617
DD12,C
DD12,464
DD12,48
DD12,504
DD12,C
DD12,C
DD12,1002
DD12,2399
DD12,359500
DD12,62700
DD12,62
DD12,60
DD12,C
DD12,C
DD12,C
DD,18414
DD,17659
DD,203
DD,C
DD,C
DD,15801
DD,1036
DD,60
DD,1684
DD,1113
DD,5
DD,11484
DD,424
DD,363
DD,369
DD,2620
DD,62132
DD,6080
DD,49459
DD,2993
DD,684
DD,6592
DD,62132
DD,33069
DD,8731
DD,20332
DD,1227400
DD,174600
DD,70
DD,65
DD,8
DD,4
DD,53
EE112,7337
EE112,7278
EE112,30
EE112,1
EE112,28
EE112,6882
EE112,81
EE112,23
EE112,80
EE112,1077
EE112,0
EE112,5604
EE112,17
EE112,1176
EE112,1191
EE112,470
EE112,4070
EE112,2805
EE112,796
EE112,251
EE112,112
EE112,469
EE112,4070
EE112,970
EE112,2118
EE112,983
EE112,476100
EE112,30500
EE112,132
EE112,76
EE112,49
EE112,12
EE112,24
EE113,5235
EE113,5144
EE113,75
EE113,0
EE113,16
EE113,5058
EE113,32
EE113,9
EE113,29
EE113,624
EE113,0
EE113,4348
EE113,15
EE113,455
EE113,435
EE113,157
EE113,3147
EE113,1624
EE113,369
EE113,119
EE113,63
EE113,1153
EE113,3147
EE113,1385
EE113,1342
EE113,420
EE113,569600
EE113,17100
EE113,121
EE113,89
EE113,11
EE113,5
EE113,44
EE11,12572
EE11,12422
EE11,104
EE11,1
EE11,44
EE11,11940
EE11,114
EE11,32
EE11,109
EE11,1701
EE11,0
EE11,9952
EE11,32
EE11,1631
EE11,1627
EE11,627
EE11,7217
EE11,4429
EE11,1166
EE11,370
EE11,175
EE11,1622
EE11,7217
EE11,2354
EE11,3460
EE11,1403
EE11,511000
EE11,25500
EE11,128
EE11,81
EE11,27
EE11,9
EE11,33
EE121,9747
EE121,9700
EE121,28
EE121,0
EE121,19
EE121,9297
EE121,67
EE121,49
EE121,240
EE121,2121
EE121,5
EE121,6802
EE121,17
EE121,167
EE121,167
EE121,450
EE121,4859
EE121,2631
EE121,1445
EE121,442
EE121,117
EE121,784
EE121,4859
EE121,1862
EE121,2130
EE121,867
EE121,313800
EE121,14500
EE121,124
EE121,116
EE121,24
EE121,9
EE121,38
EE12,9747
EE12,9700
EE12,28
EE12,0
EE12,19
EE12,9297
EE12,67
EE12,49
EE12,240
EE12,2121
EE12,5
EE12,6802
EE12,17
EE12,167
EE12,167
EE12,450
EE12,4859
EE12,2631
EE12,1445
EE12,442
EE12,117
EE12,784
EE12,4859
EE12,1862
EE12,2130
EE12,867
EE12,313800
EE12,14500
EE12,124
EE12,116
EE12,24
EE12,9
EE12,38
EE131,14559
EE131,14418
EE131,70
EE131,0
EE131,70
EE131,13539
EE131,230
EE131,102
EE131,393
EE131,3890
EE131,10
EE131,8700
EE131,224
EE131,1495
EE131,1461
EE131,986
EE131,10239
EE131,5528
EE131,3236
EE131,992
EE131,357
EE131,1475
EE131,10239
EE131,2816
EE131,4420
EE131,3002
EE131,220100
EE131,14900
EE131,125
EE131,92
EE131,35
EE131,10
EE131,28
EE13,14559
EE13,14418
EE13,70
EE13,0
EE13,70
EE13,13539
EE13,230
EE13,102
EE13,393
EE13,3890
EE13,10
EE13,8700
EE13,224
EE13,1495
EE13,1461
EE13,986
EE13,10239
EE13,5528
EE13,3236
EE13,992
EE13,357
EE13,1475
EE13,10239
EE13,2816
EE13,4420
EE13,3002
EE13,220100
EE13,14900
EE13,125
EE13,92
EE13,35
EE13,10
EE13,28
EE,36877
EE,36540
EE,202
EE,2
EE,133
EE,34776
EE,411
EE,183
EE,743
EE,7712
EE,15
EE,25454
EE,273
EE,3292
EE,3255
EE,2063
EE,22315
EE,12588
EE,5847
EE,1804
EE,648
EE,3881
EE,22315
EE,7033
EE,10010
EE,5272
EE,302700
EE,16900
EE,126
EE,93
EE,29
EE,9
EE,32
FF111,17468
FF111,15679
FF111,1666
FF111,50
FF111,1
FF111,72
FF111,17037
FF111,80
FF111,42
FF111,143
FF111,992
FF111,4
FF111,13021
FF111,2664
FF111,95
FF111,1792
FF111,1848
FF111,488
FF111,7550
FF111,5435
FF111,1088
FF111,257
FF111,93
FF111,1027
FF111,7550
FF111,2862
FF111,3342
FF111,1346
FF111,1071000
FF111,29900
FF111,163
FF111,107
FF111,17
FF111,17
FF111,6
FF111,38
FF112,16878
FF112,14012
FF112,2616
FF112,119
FF112,2
FF112,129
FF112,16204
FF112,134
FF112,53
FF112,192
FF112,2111
FF112,10
FF112,11159
FF112,2347
FF112,208
FF112,2357
FF112,2449
FF112,766
FF112,10001
FF112,6596
FF112,841
FF112,360
FF112,130
FF112,2564
FF112,10001
FF112,2862
FF112,5754
FF112,1385
FF112,551400
FF112,25000
FF112,115
FF112,72
FF112,20
FF112,27
FF112,8
FF112,29
FF113,6734
FF113,6459
FF113,222
FF113,32
FF113,0
FF113,21
FF113,6616
FF113,48
FF113,17
FF113,34
FF113,393
FF113,C
FF113,5403
FF113,668
FF113,53
FF113,1272
FF113,1420
FF113,266
FF113,3516
FF113,2921
FF113,280
FF113,69
FF113,34
FF113,316
FF113,3516
FF113,1211
FF113,1921
FF113,384
FF113,1027300
FF113,40600
FF113,152
FF113,78
FF113,16
FF113,22
FF113,8
FF113,34
FF114,28059
FF114,25786
FF114,2039
FF114,85
FF114,0
FF114,150
FF114,27637
FF114,87
FF114,156
FF114,139
FF114,1012
FF114,C
FF114,22854
FF114,3274
FF114,115
FF114,1657
FF114,1716
FF114,482
FF114,7649
FF114,5129
FF114,973
FF114,151
FF114,28
FF114,1547
FF114,7649
FF114,2353
FF114,4093
FF114,1204
FF114,1463600
FF114,25100
FF114,125
FF114,83
FF114,11
FF114,20
FF114,6
FF114,31
FF115,13218
FF115,12278
FF115,778
FF115,76
FF115,5
FF115,81
FF115,12530
FF115,93
FF115,C
FF115,122
FF115,1330
FF115,8
FF115,8365
FF115,2471
FF115,C
FF115,2036
FF115,2098
FF115,751
FF115,8108
FF115,6499
FF115,C
FF115,151
FF115,103
FF115,C
FF115,8108
FF115,3585
FF115,3434
FF115,1089
FF115,584900
FF115,33200
FF115,189
FF115,128
FF115,32
FF115,21
FF115,9
FF115,44
FF116,666
FF116,97
FF116,556
FF116,10
FF116,0
FF116,3
FF116,576
FF116,9
FF116,C
FF116,20
FF116,149
FF116,0
FF116,99
FF116,208
FF116,C
FF116,37
FF116,46
FF116,98
FF116,1443
FF116,457
FF116,C
FF116,27
FF116,14
FF116,C
FF116,1443
FF116,892
FF116,289
FF116,263
FF116,236700
FF116,35000
FF116,158
FF116,142
FF116,-2
FF116,11
FF116,7
FF116,62
FF,83024
FF,74312
FF,7876
FF,372
FF,8
FF,455
FF,80599
FF,452
FF,306
FF,649
FF,5987
FF,28
FF,60902
FF,11632
FF,672
FF,9151
FF,9578
FF,2851
FF,38266
FF,27036
FF,3892
FF,1015
FF,401
FF,7338
FF,38266
FF,13763
FF,18832
FF,5671
FF,846700
FF,29100
FF,144
FF,93
FF,18
FF,21
FF,7
FF,36
GH11,14321
GH11,13928
GH11,344
GH11,36
GH11,0
GH11,13
GH11,14199
GH11,92
GH11,30
GH11,83
GH11,951
GH11,C
GH11,12141
GH11,888
GH11,14
GH11,1393
GH11,1499
GH11,227
GH11,3700
GH11,2626
GH11,659
GH11,176
GH11,98
GH11,414
GH11,3700
GH11,975
GH11,1904
GH11,821
GH11,640200
GH11,10200
GH11,138
GH11,59
GH11,13
GH11,23
GH11,6
GH11,26
GH12,19461
GH12,18945
GH12,427
GH12,65
GH12,0
GH12,24
GH12,18709
GH12,75
GH12,32
GH12,227
GH12,1707
GH12,0
GH12,15200
GH12,1418
GH12,50
GH12,903
GH12,958
GH12,807
GH12,5887
GH12,2269
GH12,1873
GH12,455
GH12,338
GH12,1745
GH12,5887
GH12,1854
GH12,2911
GH12,1122
GH12,306400
GH12,12700
GH12,78
GH12,45
GH12,20
GH12,44
GH12,14
GH12,31
GH131,9940
GH131,9576
GH131,322
GH131,17
GH131,1
GH131,23
GH131,9782
GH131,85
GH131,38
GH131,120
GH131,1275
GH131,C
GH131,6809
GH131,1398
GH131,58
GH131,1428
GH131,1455
GH131,185
GH131,4325
GH131,2759
GH131,886
GH131,166
GH131,81
GH131,681
GH131,4325
GH131,1250
GH131,2429
GH131,647
GH131,313700
GH131,5800
GH131,114
GH131,54
GH131,29
GH131,15
GH131,4
GH131,29
GH132,5203
GH132,4975
GH132,128
GH132,76
GH132,0
GH132,24
GH132,4921
GH132,57
GH132,20
GH132,106
GH132,868
GH132,4
GH132,2659
GH132,1160
GH132,51
GH132,1313
GH132,1246
GH132,215
GH132,3473
GH132,2138
GH132,594
GH132,173
GH132,59
GH132,740
GH132,3473
GH132,994
GH132,1728
GH132,751
GH132,174600
GH132,7200
GH132,124
GH132,52
GH132,47
GH132,22
GH132,6
GH132,29
GH133,3975
GH133,3942
GH133,17
GH133,8
GH133,C
GH133,C
GH133,3855
GH133,C
GH133,21
GH133,65
GH133,593
GH133,C
GH133,2571
GH133,581
GH133,C
GH133,641
GH133,696
GH133,174
GH133,2112
GH133,954
GH133,405
GH133,88
GH133,12
GH133,754
GH133,2112
GH133,940
GH133,398
GH133,774
GH133,219300
GH133,9600
GH133,240
GH133,65
GH133,35
GH133,18
GH133,8
GH133,45
GH134,4642
GH134,4068
GH134,537
GH134,22
GH134,C
GH134,C
GH134,4355
GH134,C
GH134,16
GH134,64
GH134,759
GH134,0
GH134,2450
GH134,997
GH134,C
GH134,547
GH134,559
GH134,299
GH134,2222
GH134,1221
GH134,491
GH134,108
GH134,52
GH134,510
GH134,2222
GH134,718
GH134,967
GH134,536
GH134,213400
GH134,13800
GH134,126
GH134,68
GH134,40
GH134,42
GH134,13
GH134,32
GH135,917
GH135,734
GH135,173
GH135,7
GH135,0
GH135,3
GH135,838
GH135,15
GH135,1
GH135,17
GH135,133
GH135,0
GH135,392
GH135,270
GH135,10
GH135,90
GH135,90
GH135,80
GH135,572
GH135,350
GH135,95
GH135,38
GH135,21
GH135,127
GH135,572
GH135,235
GH135,201
GH135,136
GH135,297400
GH135,25800
GH135,174
GH135,129
GH135,47
GH135,34
GH135,14
GH135,41
GH13,24676
GH13,23296
GH13,1178
GH13,129
GH13,7
GH13,67
GH13,23752
GH13,214
GH13,97
GH13,371
GH13,3628
GH13,C
GH13,14881
GH13,4405
GH13,158
GH13,4019
GH13,4047
GH13,952
GH13,12704
GH13,7421
GH13,2471
GH13,573
GH13,225
GH13,2812
GH13,12704
GH13,4137
GH13,5723
GH13,2843
GH13,236300
GH13,9100
GH13,130
GH13,59
GH13,36
GH13,23
GH13,7
GH13,33
GH211,2855
GH211,427
GH211,2291
GH211,27
GH211,1
GH211,110
GH211,2600
GH211,133
GH211,57
GH211,151
GH211,711
GH211,0
GH211,162
GH211,1322
GH211,63
GH211,48
GH211,47
GH211,254
GH211,7141
GH211,1095
GH211,4852
GH211,580
GH211,428
GH211,1194
GH211,7141
GH211,2608
GH211,1712
GH211,2822
GH211,108900
GH211,9700
GH211,64
GH211,61
GH211,62
GH211,10
GH211,4
GH211,37
GH212,7769
GH212,2115
GH212,5560
GH212,37
GH212,1
GH212,57
GH212,7443
GH212,92
GH212,43
GH212,245
GH212,2180
GH212,1
GH212,1082
GH212,3767
GH212,33
GH212,140
GH212,154
GH212,339
GH212,4810
GH212,1073
GH212,2625
GH212,631
GH212,326
GH212,1112
GH212,4810
GH212,1433
GH212,1974
GH212,1403
GH212,79100
GH212,3500
GH212,54
GH212,47
GH212,49
GH212,24
GH212,7
GH212,30
GH21,10624
GH21,2541
GH21,7851
GH21,64
GH21,1
GH21,167
GH21,10043
GH21,225
GH21,100
GH21,396
GH21,2892
GH21,1
GH21,1244
GH21,5090
GH21,96
GH21,188
GH21,201
GH21,594
GH21,11951
GH21,2168
GH21,7477
GH21,1211
GH21,753
GH21,2306
GH21,11951
GH21,4041
GH21,3686
GH21,4224
GH21,85400
GH21,4800
GH21,59
GH21,53
GH21,51
GH21,15
GH21,5
GH21,34
GH,69082
GH,58710
GH,9799
GH,294
GH,9
GH,271
GH,66704
GH,605
GH,259
GH,1077
GH,9178
GH,11
GH,43466
GH,11801
GH,318
GH,6503
GH,6705
GH,2580
GH,34242
GH,14485
GH,12480
GH,2414
GH,1414
GH,7277
GH,34242
GH,11007
GH,14223
GH,9011
GH,219400
GH,8200
GH,102
GH,55
GH,26
GH,23
GH,8
GH,32
II111,7351
II111,7057
II111,71
II111,152
II111,71
II111,6907
II111,138
II111,400
II111,415
II111,1665
II111,4
II111,4243
II111,45
II111,28
II111,30
II111,445
II111,5294
II111,1556
II111,C
II111,818
II111,236
II111,C
II111,5294
II111,1741
II111,1763
II111,1790
II111,220700
II111,13400
II111,88
II111,87
II111,26
II111,8
II111,33
II11,7351
II11,7057
II11,71
II11,152
II11,71
II11,6907
II11,138
II11,400
II11,415
II11,1665
II11,4
II11,4243
II11,45
II11,28
II11,30
II11,445
II11,5294
II11,1556
II11,C
II11,818
II11,236
II11,C
II11,5294
II11,1741
II11,1763
II11,1790
II11,220700
II11,13400
II11,88
II11,87
II11,26
II11,8
II11,33
II12,7445
II12,6786
II12,C
II12,C
II12,C
II12,6794
II12,124
II12,19
II12,430
II12,1445
II12,C
II12,4683
II12,93
II12,49
II12,53
II12,655
II12,7201
II12,2680
II12,C
II12,404
II12,152
II12,C
II12,7201
II12,2392
II12,2873
II12,1936
II12,426900
II12,37600
II12,93
II12,91
II12,27
II12,9
II12,33
II131,2325
II131,2141
II131,C
II131,0
II131,C
II131,2218
II131,C
II131,C
II131,63
II131,643
II131,C
II131,1323
II131,C
II131,30
II131,33
II131,111
II131,2653
II131,638
II131,336
II131,112
II131,170
II131,1679
II131,2653
II131,1306
II131,605
II131,742
II131,179700
II131,8600
II131,105
II131,100
II131,8
II131,4
II131,49
II132,3478
II132,3236
II132,C
II132,C
II132,C
II132,3042
II132,C
II132,C
II132,324
II132,1009
II132,C
II132,1037
II132,C
II132,105
II132,104
II132,435
II132,16547
II132,1954
II132,13221
II132,1093
II132,209
II132,1372
II132,16547
II132,11039
II132,1990
II132,3518
II132,248700
II132,31100
II132,98
II132,93
II132,4
II132,3
II132,67
II133,846
II133,835
II133,3
II133,0
II133,9
II133,771
II133,16
II133,23
II133,42
II133,224
II133,0
II133,463
II133,3
II133,6
II133,6
II133,76
II133,1034
II133,242
II133,625
II133,76
II133,37
II133,166
II133,1034
II133,463
II133,273
II133,298
II133,206200
II133,18600
II133,89
II133,87
II133,16
II133,7
II133,45
II13,6649
II13,6212
II13,C
II13,C
II13,C
II13,6030
II13,274
II13,83
II13,428
II13,1877
II13,C
II13,2823
II13,545
II13,140
II13,144
II13,622
II13,20234
II13,2834
II13,14183
II13,1281
II13,415
II13,3217
II13,20234
II13,12808
II13,2867
II13,4558
II13,214300
II13,20100
II13,99
II13,94
II13,5
II13,3
II13,63
II,21445
II,20054
II,508
II,492
II,391
II,19731
II,537
II,502
II,1273
II,4987
II,38
II,11750
II,683
II,218
II,226
II,1723
II,32729
II,7070
II,20122
II,2503
II,804
II,5536
II,32729
II,16941
II,7504
II,8284
II,262200
II,21100
II,94
II,91
II,10
II,5
II,52
JJ11,5036
JJ11,4842
JJ11,41
JJ11,130
JJ11,23
JJ11,4531
JJ11,111
JJ11,8
JJ11,282
JJ11,1048
JJ11,8
JJ11,3034
JJ11,47
JJ11,97
JJ11,60
JJ11,469
JJ11,5391
JJ11,1922
JJ11,1005
JJ11,220
JJ11,77
JJ11,2464
JJ11,5391
JJ11,2296
JJ11,1840
JJ11,1255
JJ11,306500
JJ11,28500
JJ11,104
JJ11,101
JJ11,20
JJ11,9
JJ11,43
JJ12,8664
JJ12,8212
JJ12,395
JJ12,7
JJ12,50
JJ12,8333
JJ12,800
JJ12,23
JJ12,1244
JJ12,1275
JJ12,10
JJ12,4911
JJ12,80
JJ12,66
JJ12,70
JJ12,335
JJ12,18081
JJ12,7208
JJ12,6001
JJ12,1269
JJ12,96
JJ12,4872
JJ12,18081
JJ12,6048
JJ12,4184
JJ12,7849
JJ12,611300
JJ12,23700
JJ12,172
JJ12,171
JJ12,6
JJ12,2
JJ12,33
JJ,13700
JJ,13055
JJ,435
JJ,136
JJ,73
JJ,12864
JJ,911
JJ,31
JJ,1526
JJ,2323
JJ,17
JJ,7946
JJ,127
JJ,162
JJ,130
JJ,804
JJ,23472
JJ,9129
JJ,7007
JJ,1489
JJ,173
JJ,7336
JJ,23472
JJ,8344
JJ,6024
JJ,9104
JJ,447700
JJ,26300
JJ,152
JJ,149
JJ,10
JJ,3
JJ,36
LL111,3231
LL111,2894
LL111,231
LL111,0
LL111,105
LL111,2900
LL111,C
LL111,26
LL111,699
LL111,480
LL111,C
LL111,0
LL111,1292
LL111,C
LL111,112
LL111,121
LL111,341
LL111,12569
LL111,4689
LL111,5004
LL111,1496
LL111,452
LL111,2876
LL111,12569
LL111,3407
LL111,3208
LL111,5955
LL111,327700
LL111,34600
LL111,146
LL111,142
LL111,10
LL111,3
LL111,27
LL112,1090
LL112,985
LL112,83
LL112,1
LL112,20
LL112,736
LL112,C
LL112,2
LL112,23
LL112,107
LL112,1
LL112,0
LL112,322
LL112,C
LL112,9
LL112,10
LL112,354
LL112,5961
LL112,1211
LL112,399
LL112,133
LL112,34
LL112,4351
LL112,5961
LL112,2342
LL112,628
LL112,2991
LL112,890600
LL112,289600
LL112,193
LL112,191
LL112,15
LL112,6
LL112,39
LL11,4321
LL11,3879
LL11,314
LL11,2
LL11,126
LL11,3636
LL11,591
LL11,28
LL11,722
LL11,586
LL11,C
LL11,0
LL11,1615
LL11,94
LL11,121
LL11,131
LL11,695
LL11,18530
LL11,5900
LL11,5402
LL11,1629
LL11,487
LL11,7228
LL11,18530
LL11,5748
LL11,3836
LL11,8946
LL11,389900
LL11,62800
LL11,154
LL11,150
LL11,12
LL11,4
LL11,31
LL122,15254
LL122,12416
LL122,1044
LL122,29
LL122,1766
LL122,9629
LL122,3091
LL122,480
LL122,780
LL122,395
LL122,0
LL122,0
LL122,4263
LL122,620
LL122,3154
LL122,3085
LL122,5557
LL122,160629
LL122,19828
LL122,119996
LL122,S
LL122,S
LL122,20804
LL122,160629
LL122,70693
LL122,29731
LL122,60205
LL122,2664900
LL122,970700
LL122,67
LL122,56
LL122,8
LL122,3
LL122,44
LL123,3058
LL123,2970
LL123,55
LL123,0
LL123,34
LL123,2570
LL123,48
LL123,12
LL123,58
LL123,562
LL123,0
LL123,825
LL123,1020
LL123,44
LL123,13
LL123,14
LL123,489
LL123,2764
LL123,1158
LL123,1000
LL123,265
LL123,111
LL123,606
LL123,2764
LL123,1324
LL123,784
LL123,656
LL123,361300
LL123,57800
LL123,148
LL123,146
LL123,37
LL123,18
LL123,48
LL12,18313
LL12,15386
LL12,1098
LL12,29
LL12,1800
LL12,12199
LL12,3140
LL12,492
LL12,838
LL12,957
LL12,0
LL12,825
LL12,5282
LL12,665
LL12,3167
LL12,3100
LL12,6046
LL12,163392
LL12,20986
LL12,120996
LL12,13233
LL12,8938
LL12,21410
LL12,163392
LL12,72016
LL12,30515
LL12,60861
LL12,1290600
LL12,426100
LL12,69
LL12,59
LL12,8
LL12,4
LL12,44
LL,22634
LL,19265
LL,1413
LL,31
LL,1926
LL,15836
LL,3731
LL,520
LL,1560
LL,1543
LL,C
LL,826
LL,6897
LL,759
LL,3288
LL,3231
LL,6742
LL,181922
LL,26886
LL,126399
LL,14862
LL,9425
LL,28637
LL,181922
LL,77765
LL,34351
LL,69807
LL,895600
LL,266700
LL,78
LL,69
LL,9
LL,4
LL,43
MN111,7078
MN111,6829
MN111,115
MN111,93
MN111,40
MN111,6349
MN111,70
MN111,23
MN111,131
MN111,2644
MN111,10
MN111,3400
MN111,80
MN111,251
MN111,220
MN111,697
MN111,4212
MN111,2569
MN111,726
MN111,240
MN111,113
MN111,918
MN111,4212
MN111,1863
MN111,1888
MN111,462
MN111,234000
MN111,23100
MN111,136
MN111,124
MN111,37
MN111,17
MN111,44
MN112,5319
MN112,5275
MN112,C
MN112,C
MN112,14
MN112,3734
MN112,79
MN112,12
MN112,78
MN112,1923
MN112,1
MN112,1603
MN112,39
MN112,61
MN112,70
MN112,1595
MN112,2841
MN112,1539
MN112,470
MN112,143
MN112,64
MN112,832
MN112,2841
MN112,1217
MN112,892
MN112,732
MN112,176800
MN112,53000
MN112,172
MN112,165
MN112,131
MN112,56
MN112,43
MN113,10514
MN113,7718
MN113,2434
MN113,54
MN113,308
MN113,8559
MN113,776
MN113,22
MN113,243
MN113,2742
MN113,8
MN113,4277
MN113,499
MN113,89
MN113,112
MN113,1978
MN113,40774
MN113,17761
MN113,2051
MN113,403
MN113,309
MN113,20963
MN113,40774
MN113,15507
MN113,16617
MN113,8649
MN113,337600
MN113,63500
MN113,107
MN113,106
MN113,13
MN113,5
MN113,38
MN114,1188
MN114,1161
MN114,C
MN114,C
MN114,4
MN114,1044
MN114,11
MN114,4
MN114,32
MN114,344
MN114,0
MN114,647
MN114,5
MN114,60
MN114,65
MN114,149
MN114,710
MN114,324
MN114,218
MN114,73
MN114,34
MN114,168
MN114,710
MN114,252
MN114,286
MN114,172
MN114,190900
MN114,23900
MN114,113
MN114,90
MN114,59
MN114,21
MN114,35
MN115,6187
MN115,6072
MN115,44
MN115,14
MN115,56
MN115,5393
MN115,26
MN115,13
MN115,134
MN115,2358
MN115,4
MN115,2780
MN115,82
MN115,47
MN115,49
MN115,794
MN115,3465
MN115,2391
MN115,383
MN115,153
MN115,39
MN115,691
MN115,3465
MN115,1420
MN115,1637
MN115,408
MN115,270600
MN115,34700
MN115,146
MN115,143
MN115,56
MN115,23
MN115,41
MN11,30285
MN11,27056
MN11,2642
MN11,164
MN11,422
MN11,25078
MN11,962
MN11,74
MN11,619
MN11,10011
MN11,24
MN11,12706
MN11,705
MN11,508
MN11,515
MN11,5214
MN11,52002
MN11,24583
MN11,3848
MN11,1013
MN11,558
MN11,23572
MN11,52002
MN11,20259
MN11,21321
MN11,10422
MN11,251200
MN11,43300
MN11,115
MN11,113
MN11,26
MN11,10
MN11,39
MN211,705
MN211,684
MN211,13
MN211,C
MN211,C
MN211,668
MN211,4
MN211,4
MN211,17
MN211,314
MN211,0
MN211,322
MN211,7
MN211,3
MN211,3
MN211,37
MN211,743
MN211,545
MN211,74
MN211,15
MN211,5
MN211,124
MN211,743
MN211,195
MN211,484
MN211,64
MN211,118000
MN211,6100
MN211,113
MN211,112
MN211,19
MN211,5
MN211,26
MN212,5418
MN212,5220
MN212,121
MN212,41
MN212,36
MN212,5024
MN212,70
MN212,14
MN212,87
MN212,1849
MN212,5
MN212,2940
MN212,64
MN212,34
MN212,36
MN212,396
MN212,4040
MN212,1920
MN212,1007
MN212,260
MN212,83
MN212,1114
MN212,4040
MN212,1835
MN212,1376
MN212,830
MN212,99900
MN212,7300
MN212,140
MN212,137
MN212,22
MN212,10
MN212,45
MN213,2553
MN213,2532
MN213,10
MN213,C
MN213,C
MN213,2370
MN213,35
MN213,7
MN213,81
MN213,956
MN213,2
MN213,1214
MN213,77
MN213,57
MN213,43
MN213,169
MN213,1624
MN213,536
MN213,794
MN213,196
MN213,69
MN213,295
MN213,1624
MN213,641
MN213,526
MN213,457
MN213,76700
MN213,5100
MN213,102
MN213,94
MN213,26
MN213,10
MN213,39
MN21,8675
MN21,8436
MN21,143
MN21,45
MN21,51
MN21,8062
MN21,109
MN21,24
MN21,185
MN21,3120
MN21,7
MN21,4476
MN21,148
MN21,94
MN21,82
MN21,601
MN21,6408
MN21,3001
MN21,1875
MN21,470
MN21,157
MN21,1532
MN21,6408
MN21,2670
MN21,2387
MN21,1351
MN21,92800
MN21,6400
MN21,126
MN21,122
MN21,23
MN21,9
MN21,42
MN,38960
MN,35492
MN,2786
MN,209
MN,473
MN,33140
MN,1071
MN,99
MN,804
MN,13131
MN,31
MN,17183
MN,853
MN,602
MN,597
MN,5815
MN,58410
MN,27584
MN,5723
MN,1484
MN,715
MN,25104
MN,58410
MN,22929
MN,23708
MN,11773
MN,182000
MN,27200
MN,116
MN,114
MN,25
MN,10
MN,39
OO213,1041
OO213,1013
OO213,14
OO213,C
OO213,C
OO213,981
OO213,19
OO213,5
OO213,49
OO213,496
OO213,C
OO213,409
OO213,3
OO213,16
OO213,17
OO213,61
OO213,838
OO213,281
OO213,176
OO213,37
OO213,16
OO213,382
OO213,838
OO213,447
OO213,224
OO213,167
OO213,125
OO213,117
OO213,14
OO213,7
OO213,53
OO21,1042
OO21,1013
OO21,14
OO21,C
OO21,C
OO21,981
OO21,19
OO21,5
OO21,49
OO21,496
OO21,C
OO21,409
OO21,3
OO21,16
OO21,17
OO21,61
OO21,838
OO21,281
OO21,176
OO21,37
OO21,16
OO21,382
OO21,838
OO21,447
OO21,225
OO21,167
OO21,125
OO21,117
OO21,14
OO21,7
OO21,53
OO,1042
OO,1013
OO,14
OO,C
OO,C
OO,981
OO,19
OO,5
OO,49
OO,496
OO,C
OO,409
OO,3
OO,16
OO,17
OO,62
OO,838
OO,281
OO,176
OO,37
OO,16
OO,382
OO,838
OO,447
OO,225
OO,167
OO,125
OO,117
OO,14
OO,7
OO,53
PP111,941
PP111,51
PP111,888
PP111,2
PP111,916
PP111,13
PP111,5
PP111,27
PP111,602
PP111,0
PP111,265
PP111,3
PP111,C
PP111,C
PP111,25
PP111,856
PP111,313
PP111,451
PP111,46
PP111,15
PP111,92
PP111,856
PP111,426
PP111,294
PP111,135
PP111,106
PP111,C
PP111,6
PP111,3
PP111,50
PP112,561
PP112,36
PP112,520
PP112,5
PP112,525
PP112,11
PP112,0
PP112,33
PP112,289
PP112,0
PP112,188
PP112,3
PP112,0
PP112,0
PP112,36
PP112,1593
PP112,C
PP112,913
PP112,117
PP112,15
PP112,C
PP112,1593
PP112,1298
PP112,184
PP112,111
PP112,C
PP112,C
PP112,3
PP112,2
PP112,81
PP113,729
PP113,35
PP113,690
PP113,4
PP113,656
PP113,3
PP113,2
PP113,18
PP113,293
PP113,C
PP113,330
PP113,9
PP113,0
PP113,0
PP113,74
PP113,498
PP113,308
PP113,126
PP113,28
PP113,15
PP113,64
PP113,498
PP113,230
PP113,211
PP113,57
PP113,146
PP113,146
PP113,32
PP113,15
PP113,46
PP114,1171
PP114,88
PP114,1079
PP114,4
PP114,1086
PP114,13
PP114,3
PP114,39
PP114,434
PP114,C
PP114,587
PP114,11
PP114,C
PP114,C
PP114,84
PP114,1051
PP114,C
PP114,423
PP114,66
PP114,31
PP114,C
PP114,1051
PP114,584
PP114,361
PP114,106
PP114,C
PP114,C
PP114,14
PP114,8
PP114,56
PP,3402
PP,209
PP,3177
PP,16
PP,3183
PP,40
PP,10
PP,117
PP,1618
PP,3
PP,1371
PP,27
PP,10
PP,10
PP,219
PP,3998
PP,1276
PP,1913
PP,257
PP,76
PP,809
PP,3998
PP,2538
PP,1050
PP,410
PP,122
PP,121
PP,9
PP,5
PP,63
QQ111,844
QQ111,20
QQ111,823
QQ111,1
QQ111,762
QQ111,9
QQ111,C
QQ111,48
QQ111,333
QQ111,0
QQ111,366
QQ111,C
QQ111,14
QQ111,13
QQ111,83
QQ111,1101
QQ111,350
QQ111,651
QQ111,60
QQ111,40
QQ111,101
QQ111,1101
QQ111,802
QQ111,150
QQ111,150
QQ111,233
QQ111,224
QQ111,10
QQ111,8
QQ111,73
QQ112,8211
QQ112,160
QQ112,8024
QQ112,28
QQ112,7063
QQ112,131
QQ112,C
QQ112,199
QQ112,2863
QQ112,1
QQ112,3751
QQ112,C
QQ112,10
QQ112,11
QQ112,1149
QQ112,5057
QQ112,1958
QQ112,1529
QQ112,372
QQ112,217
QQ112,1569
QQ112,5057
QQ112,2626
QQ112,1576
QQ112,854
QQ112,124
QQ112,124
QQ112,44
QQ112,23
QQ112,52
QQ113,4464
QQ113,348
QQ113,4010
QQ113,106
QQ113,4236
QQ113,120
QQ113,27
QQ113,131
QQ113,2373
QQ113,1
QQ113,1513
QQ113,73
QQ113,12
QQ113,12
QQ113,228
QQ113,8069
QQ113,1424
QQ113,3402
QQ113,377
QQ113,118
QQ113,3243
QQ113,8069
QQ113,4190
QQ113,1651
QQ113,2228
QQ113,86
QQ113,86
QQ113,5
QQ113,3
QQ113,52
QQ,13520
QQ,528
QQ,12857
QQ,134
QQ,12061
QQ,259
QQ,49
QQ,378
QQ,5568
QQ,2
QQ,5630
QQ,177
QQ,36
QQ,37
QQ,1459
QQ,14227
QQ,3732
QQ,5582
QQ,809
QQ,375
QQ,4913
QQ,14227
QQ,7618
QQ,3377
QQ,3232
QQ,110
QQ,109
QQ,19
QQ,10
QQ,54
RS111,803
RS111,615
RS111,C
RS111,C
RS111,620
RS111,17
RS111,3
RS111,40
RS111,189
RS111,0
RS111,356
RS111,14
RS111,10
RS111,12
RS111,185
RS111,2438
RS111,439
RS111,1837
RS111,106
RS111,94
RS111,162
RS111,2438
RS111,2039
RS111,231
RS111,168
RS111,184400
RS111,42500
RS111,190
RS111,185
RS111,9
RS111,8
RS111,84
RS112,2519
RS112,1842
RS112,632
RS112,45
RS112,2333
RS112,C
RS112,13
RS112,169
RS112,706
RS112,0
RS112,1339
RS112,C
RS112,62
RS112,63
RS112,188
RS112,4735
RS112,998
RS112,3218
RS112,382
RS112,98
RS112,519
RS112,4735
RS112,3055
RS112,1024
RS112,656
RS112,116400
RS112,8700
RS112,97
RS112,91
RS112,6
RS112,4
RS112,65
RS113,3480
RS113,3436
RS113,C
RS113,C
RS113,2915
RS113,C
RS113,177
RS113,130
RS113,266
RS113,C
RS113,2066
RS113,C
RS113,8
RS113,10
RS113,568
RS113,1497
RS113,422
RS113,1002
RS113,155
RS113,19
RS113,73
RS113,1497
RS113,694
RS113,645
RS113,159
RS113,609800
RS113,99500
RS113,66
RS113,64
RS113,82
RS113,38
RS113,46
RS11,6803
RS11,5894
RS11,723
RS11,186
RS11,5868
RS11,309
RS11,194
RS11,339
RS11,1160
RS11,C
RS11,3760
RS11,106
RS11,80
RS11,85
RS11,940
RS11,8670
RS11,1860
RS11,6057
RS11,642
RS11,211
RS11,753
RS11,8670
RS11,5787
RS11,1900
RS11,982
RS11,214600
RS11,29700
RS11,98
RS11,93
RS11,16
RS11,11
RS11,67
RS211,4323
RS211,4299
RS211,11
RS211,14
RS211,4032
RS211,45
RS211,19
RS211,83
RS211,1192
RS211,0
RS211,2679
RS211,14
RS211,226
RS211,243
RS211,308
RS211,2015
RS211,1052
RS211,652
RS211,182
RS211,100
RS211,311
RS211,2015
RS211,664
RS211,869
RS211,482
RS211,179000
RS211,12700
RS211,121
RS211,93
RS211,46
RS211,15
RS211,33
RS212,1644
RS212,1630
RS212,5
RS212,9
RS212,1469
RS212,26
RS212,12
RS212,62
RS212,535
RS212,0
RS212,825
RS212,9
RS212,51
RS212,51
RS212,175
RS212,1201
RS212,339
RS212,571
RS212,150
RS212,82
RS212,290
RS212,1201
RS212,403
RS212,367
RS212,430
RS212,101700
RS212,10800
RS212,92
RS212,78
RS212,43
RS212,15
RS212,34
RS214,2390
RS214,1270
RS214,888
RS214,233
RS214,2018
RS214,217
RS214,4
RS214,48
RS214,635
RS214,C
RS214,1055
RS214,59
RS214,15
RS214,15
RS214,371
RS214,7119
RS214,2516
RS214,1259
RS214,47
RS214,32
RS214,3344
RS214,7119
RS214,6273
RS214,797
RS214,49
RS214,174700
RS214,27200
RS214,316
RS214,314
RS214,6
RS214,5
RS214,88
RS21,8358
RS21,7199
RS21,903
RS21,256
RS21,7519
RS21,288
RS21,34
RS21,193
RS21,2362
RS21,C
RS21,4560
RS21,82
RS21,293
RS21,309
RS21,854
RS21,10334
RS21,3907
RS21,2482
RS21,379
RS21,214
RS21,3945
RS21,10334
RS21,7341
RS21,2033
RS21,960
RS21,152600
RS21,15600
RS21,192
RS21,177
RS21,12
RS21,8
RS21,71
RS,15160
RS,13093
RS,1626
RS,441
RS,13387
RS,597
RS,228
RS,532
RS,3522
RS,5
RS,8320
RS,188
RS,373
RS,393
RS,1794
RS,19004
RS,5767
RS,8539
RS,1021
RS,425
RS,4698
RS,19004
RS,13129
RS,3933
RS,1942
RS,175400
RS,20800
RS,147
RS,137
RS,14
RS,9
RS,69
ZZ11,36411
ZZ11,2808
ZZ11,33253
ZZ11,C
ZZ11,C
ZZ11,177
ZZ11,35502
ZZ11,438
ZZ11,82
ZZ11,820
ZZ11,3894
ZZ11,8
ZZ11,1679
ZZ11,28496
ZZ11,93
ZZ11,3722
ZZ11,4041
ZZ11,1227
ZZ11,23102
ZZ11,9312
ZZ11,8357
ZZ11,1339
ZZ11,375
ZZ11,5434
ZZ11,23102
ZZ11,10670
ZZ11,10212
ZZ11,2220
ZZ11,523700
ZZ11,17700
ZZ11,91
ZZ11,52
ZZ11,40
ZZ11,12
ZZ11,5
ZZ11,46
KK111,30509
KK111,2922
KK111,26166
KK111,0
KK111,1422
KK111,23450
KK111,16398
KK111,C
KK111,364
KK111,2491
KK111,9
KK111,C
KK111,2958
KK111,1192
KK111,5
KK111,7
KK111,7061
KK111,566124
KK111,176518
KK111,976
KK111,354
KK111,67
KK111,388630
KK111,566124
KK111,44523
KK111,328044
KK111,193557
KK111,996200
KK111,230600
KK111,54
KK111,54
KK111,16
KK111,1
KK111,8
KK112,20620
KK112,1715
KK112,15620
KK112,10
KK112,3275
KK112,13843
KK112,5566
KK112,C
KK112,100
KK112,352
KK112,2
KK112,C
KK112,1868
KK112,5895
KK112,21
KK112,16
KK112,6773
KK112,314861
KK112,68710
KK112,16302
KK112,1123
KK112,650
KK112,229849
KK112,314861
KK112,143117
KK112,83512
KK112,88232
KK112,7348800
KK112,2413800
KK112,82
KK112,82
KK112,5
KK112,2
KK112,45
KK11,51130
KK11,4637
KK11,41786
KK11,10
KK11,4697
KK11,37293
KK11,21964
KK11,55
KK11,463
KK11,2842
KK11,11
KK11,54
KK11,4826
KK11,7088
KK11,26
KK11,23
KK11,13834
KK11,880985
KK11,245227
KK11,17278
KK11,1477
KK11,717
KK11,618480
KK11,880985
KK11,187640
KK11,411555
KK11,281789
KK11,1529400
KK11,413800
KK11,60
KK11,60
KK11,7
KK11,2
KK11,21
KK121,3225
KK121,2012
KK121,334
KK121,0
KK121,879
KK121,2730
KK121,C
KK121,C
KK121,12
KK121,96
KK121,0
KK121,288
KK121,1746
KK121,585
KK121,0
KK121,0
KK121,495
KK121,12732
KK121,12732
KK121,4163
KK121,2718100
KK121,417300
KK121,12
KK121,4
KK121,33
KK122,5520
KK122,5016
KK122,353
KK122,0
KK122,151
KK122,5044
KK122,C
KK122,C
KK122,38
KK122,626
KK122,7
KK122,139
KK122,4061
KK122,159
KK122,0
KK122,0
KK122,477
KK122,22157
KK122,22157
KK122,3775
KK122,678100
KK122,58500
KK122,13
KK122,2
KK122,17
KK12,8745
KK12,7028
KK12,687
KK12,0
KK12,1030
KK12,7774
KK12,14
KK12,10
KK12,51
KK12,721
KK12,7
KK12,427
KK12,5807
KK12,743
KK12,0
KK12,0
KK12,972
KK12,34889
KK12,34889
KK12,7938
KK12,937500
KK12,104200
KK12,12
KK12,3
KK12,23
KK131,4595
KK131,3888
KK131,514
KK131,12
KK131,180
KK131,3665
KK131,194
KK131,13
KK131,91
KK131,1395
KK131,9
KK131,71
KK131,1780
KK131,122
KK131,9
KK131,10
KK131,931
KK131,10956
KK131,10956
KK131,4517
KK131,312200
KK131,63300
KK131,21
KK131,8
KK131,41
KK13,4595
KK13,3888
KK13,514
KK13,12
KK13,180
KK13,3665
KK13,194
KK13,13
KK13,91
KK13,1395
KK13,9
KK13,71
KK13,1780
KK13,122
KK13,9
KK13,10
KK13,931
KK13,10956
KK13,10956
KK13,4517
KK13,312200
KK13,63300
KK13,21
KK13,8
KK13,41
KK,64471
KK,15553
KK,42988
KK,23
KK,5907
KK,48732
KK,22172
KK,78
KK,605
KK,4959
KK,26
KK,552
KK,12413
KK,7953
KK,35
KK,33
KK,15737
KK,926830
KK,268754
KK,18048
KK,1647
KK,782
KK,640027
KK,926830
KK,200095
KK,430477
KK,296257
KK,1121600
KK,273800
KK,62
KK,62
KK,8
KK,2
KK,22
